{
  "ah": {
    "metrics": {
      "accuracy": 0.6469687021230028,
      "f1_macro": 0.5830959984058482,
      "f1_weighted": 0.6600932273642471,
      "auc": 0.8225533660585486,
      "n_train": 13437,
      "n_test": 4569,
      "n_classes": 3,
      "n_features": 72
    },
    "path": "D:\\AI\\footballAI\\saved_models\\multi_ah_handicap_20260618_171728.joblib"
  },
  "ou": {
    "metrics": {
      "accuracy": 0.6041014946124436,
      "f1_macro": 0.5863696888996489,
      "f1_weighted": 0.5863696888996489,
      "auc": 0.6405482106788365,
      "n_train": 24729,
      "n_test": 8631,
      "n_classes": 2,
      "n_features": 72
    },
    "path": "D:\\AI\\footballAI\\saved_models\\multi_ou_totals_20260618_171729.joblib"
  },
  "goals": {
    "metrics": {
      "accuracy": 0.29556250724133937,
      "f1_macro": 0.2601480086738507,
      "f1_weighted": 0.29581051233388733,
      "auc": 0.5981282601910908,
      "n_train": 24729,
      "n_test": 8631,
      "n_classes": 5,
      "n_features": 72
    },
    "path": "D:\\AI\\footballAI\\saved_models\\multi_goals_total_20260618_171732.joblib"
  }
}