{
  "n_matches": 70,
  "timestamp": "2026-07-03 00:22",
  "verdict": "\ud83d\udfe0 \u7070\u8272\u5730\u5e26 \u2192 \u9700\u5206\u5c42\u5206\u6790\u5b9a\u4f4d\u95ee\u9898\u5b50\u96c6",
  "metrics_a": {
    "acc": 0.5428571428571428,
    "d_f1": 0.0,
    "macro_f1": 0.4248464713580993,
    "ece": 0.06139988315763914,
    "brier": 0.5899300515387921
  },
  "metrics_b": {
    "acc": 0.5285714285714286,
    "d_f1": 0.29411764705882354,
    "macro_f1": 0.49782135076252726,
    "ece": 0.09651536145699698,
    "brier": 0.6038281052543376
  },
  "metrics_b_no_dg": {
    "acc": 0.5428571428571428,
    "d_f1": 0.0,
    "macro_f1": 0.4248464713580993
  },
  "mcnemar": {
    "chi2": 0.0,
    "p": 1.0,
    "b": 8.0,
    "c": 7.0
  },
  "narrow": {
    "n": 18,
    "a_df1": 0.0,
    "b_df1": 0.0
  },
  "wide": {
    "n": 52,
    "a_df1": 0.0,
    "b_df1": 0.3448275862068966
  },
  "production": {
    "n_valid": 70,
    "metrics_a_prod": {
      "acc": 0.5714285714285714,
      "d_f1": 0.30303030303030304,
      "macro_f1": 0.5282555282555282,
      "ece": 0.12033857142857148,
      "brier": 0.5867415427142857
    },
    "narrow": {
      "d_f1": 0.3333333333333333
    },
    "wide": {
      "d_f1": 0.2962962962962963
    }
  }
}