{
  "version": "v2.0-real",
  "n": 70,
  "n_ocr": 63,
  "metrics_a": {
    "acc": 0.5285714285714286,
    "d_f1": 0.23076923076923078,
    "macro_f1": 0.47490225003370695,
    "ece": 0.11675582764345688,
    "brier": 0.6245289633546459
  },
  "metrics_b": {
    "acc": 0.44285714285714284,
    "d_f1": 0.2926829268292683,
    "macro_f1": 0.43497594159615066,
    "ece": 0.03998524140527238,
    "brier": 0.6481926074900959
  },
  "mcnemar": {
    "b": 9,
    "c": 3,
    "chi2": 2.0833333333333335,
    "p": 0.14891467317876161
  },
  "narrow": {
    "n": 18,
    "a_df1": 0.0,
    "b_df1": 0.0
  },
  "wide": {
    "n": 52,
    "a_df1": 0.2608695652173913,
    "b_df1": 0.34285714285714286
  },
  "verdict": "\u7070\u8272\u5730\u5e26 \u2192 \u5206\u5c42\u5206\u6790"
}