{
  "version": "v2.0-real",
  "n": 70,
  "n_ocr": 63,
  "metrics_a": {
    "acc": 0.5285714285714286,
    "d_f1": 0.23076923076923078,
    "macro_f1": 0.47490225003370695,
    "ece": 0.11604861258197285,
    "brier": 0.6248370554577495
  },
  "metrics_b": {
    "acc": 0.44285714285714284,
    "d_f1": 0.32558139534883723,
    "macro_f1": 0.43760876443600694,
    "ece": 0.03914631486856149,
    "brier": 0.6484219253677078
  },
  "mcnemar": {
    "b": 10,
    "c": 4,
    "chi2": 1.7857142857142858,
    "p": 0.18144920772142004
  },
  "narrow": {
    "n": 18,
    "a_df1": 0.0,
    "b_df1": 0.0
  },
  "wide": {
    "n": 52,
    "a_df1": 0.2608695652173913,
    "b_df1": 0.3888888888888889
  },
  "verdict": "\u7070\u8272\u5730\u5e26 \u2192 \u5206\u5c42\u5206\u6790"
}