{
  "alpha": 2.0,
  "gamma": 2.0,
  "n_train": 24724,
  "n_oof": 8927,
  "best_iteration": 31,
  "oof": {
    "auc": 0.609248661755238,
    "ap": -0.3220440364922549,
    "f1_youden": 0.42814332247557,
    "f1_05": 0.0035650623885918,
    "threshold": 0.2631578947368421,
    "draw_rate_pred": 0.6090511930099698
  },
  "wc70": {
    "n": 70,
    "acc": 0.5714285714285714,
    "d_f1": 0.4,
    "narrow_n": 18,
    "narrow_df1": 0.3076923076923077,
    "n_draw_pred": 30,
    "n_draw_true": 20
  },
  "baseline_v1": {
    "auc": 0.5994,
    "ap": 0.2053,
    "best_f1": 0.4265,
    "best_threshold": 0.3441
  },
  "elapsed": 1.4
}