{
  "timestamp": "2026-06-27T13:40:45.475598",
  "model": "v4.1 production",
  "oof_samples": 8631,
  "argmax": {
    "accuracy": 0.38883095817402386,
    "draw_f1": 0.3882323359316067,
    "macro_f1": 0.31969559977272327
  },
  "threshold_032": {
    "accuracy": 0.2882632371683467,
    "draw_f1": 0.40875629600929875,
    "macro_f1": 0.19695383450049864
  },
  "threshold_046": {
    "accuracy": 0.39740470397404704,
    "draw_f1": 0.3654044496832179
  },
  "balanced_subset": {
    "samples": 5991,
    "accuracy": 0.2986145885494909,
    "draw_f1": 0.422640464987545,
    "macro_f1": 0.20078551552870458
  },
  "multi_scenario": {
    "league_accuracy": 28.83,
    "league_draw_f1": 40.88,
    "high_draw_accuracy": 29.86,
    "high_draw_f1": 42.26,
    "composite_accuracy": 29.24,
    "composite_draw_f1": 41.57
  },
  "checks": {
    "阈值判型(0.32)在联赛OOF上 Draw-F1 > argmax": true,
    "阈值判型(0.32)在联赛OOF上 MacroF1 > argmax": false,
    "高平局率验证集成功构建(>=50场)": true,
    "多场景评估输出包含 league + high_draw_rate": true,
    "draw_f1 约束逻辑存在 (-2pp 容忍)": true
  }
}