{
  "phases": {
    "phase1_class_weights": {
      "draw_mult": 1.0,
      "home_mult": 0.9,
      "acc": 0.5418839068474105,
      "f1_h": 0.6248175182481752,
      "f1_d": 0.3600082287595145,
      "f1_a": 0.5988110250405332,
      "f1_macro": 0.5278789240160743,
      "mcc": 0.3128965656230981,
      "auc": 0.7240349818872923,
      "draw_pred_rate": 0.31282586027111575
    },
    "phase2_meta_params": {
      "params": {
        "n_estimators": 200,
        "max_depth": 5,
        "learning_rate": 0.03
      },
      "metrics": {
        "acc": 0.5418839068474105,
        "mcc": 0.3128965656230981,
        "draw_rate": 0.31282586027111575
      }
    },
    "phase3_threshold": {
      "draw_threshold": 0.5500000000000003,
      "home_away_gap": 0.0,
      "threshold_acc": 0.5680685899664002
    }
  },
  "final": {
    "accuracy": 0.5681,
    "f1_h": 0.6868,
    "f1_d": 0.0028,
    "f1_a": 0.6046,
    "f1_macro": 0.4314,
    "mcc": 0.3364,
    "auc": 0.724,
    "draw_pred_rate": 0.002,
    "confusion_matrix": [
      [
        2840,
        10,
        992
      ],
      [
        1024,
        3,
        1134
      ],
      [
        564,
        4,
        2060
      ]
    ],
    "threshold": [
      0.5500000000000003,
      0.0
    ]
  },
  "version": "4.1",
  "timestamp": "2026-06-18T22:40:37.366892",
  "elapsed_seconds": 21.7,
  "n_train": 24729,
  "n_val": 8631
}