{"2.0": {"w": [0.0889230436813091, -0.23884574564318728, -0.16117609891432785, 0.017509645590909326, -0.03829486215580788, 0.05138287396658823], "mean": [0.18539655506957942, 0.4029127720709791, 0.09220850080352914, 0.4860444900000007, 1.4740784712070878], "std": [0.04171225503265992, 0.08927557255943663, 1.1442647655317546, 0.2601542446025613, 1.3836665372079562]}, "2.25": {"w": [0.047773875740349504, -0.10062861854246107, -0.08477171221830482, 0.0747572178907013, -0.1385603965534493, 0.14110534392183083], "mean": [0.18539655506957942, 0.4029127720709791, 0.09220850080352914, 0.4860444900000007, 1.4740784712070878], "std": [0.04171225503265992, 0.08927557255943663, 1.1442647655317546, 0.2601542446025613, 1.3836665372079562]}, "2.5": {"w": [0.08018393176547117, -0.19176620458742158, -0.01964817960308354, 0.07651686186291866, -0.15698824418995289, 0.07764819574969158], "mean": [0.18539655506957942, 0.4029127720709791, 0.09220850080352914, 0.4860444900000007, 1.4740784712070878], "std": [0.04171225503265992, 0.08927557255943663, 1.1442647655317546, 0.2601542446025613, 1.3836665372079562]}, "2.75": {"w": [-0.10212239476224358, -0.0435250692827781, -0.12368253524641515, 0.04985113799863486, -0.14609820675449703, -0.0012716605628047498], "mean": [0.18539655506957942, 0.4029127720709791, 0.09220850080352914, 0.4860444900000007, 1.4740784712070878], "std": [0.04171225503265992, 0.08927557255943663, 1.1442647655317546, 0.2601542446025613, 1.3836665372079562]}, "3.0": {"w": [-0.9050760531702792, -0.1674881598387448, -0.06292672377675625, 0.037291740432624135, -0.12559651260950777, 0.1517640382495643], "mean": [0.18539655506957942, 0.4029127720709791, 0.09220850080352914, 0.4860444900000007, 1.4740784712070878], "std": [0.04171225503265992, 0.08927557255943663, 1.1442647655317546, 0.2601542446025613, 1.3836665372079562]}}