{
  "model": "MarkovChainPredictor",
  "best_order": 2,
  "results": {
    "1": {
      "acc": 0.3244849445324881,
      "macro_f1": 0.31071866411146426,
      "auc": 0.5402324648372496,
      "d_recall": 0.6957878315132605,
      "d_precision": 0.2612770943175161,
      "d_f1": 0.3798977853492334,
      "cm": [
        [
          211,
          750,
          155
        ],
        [
          100,
          446,
          95
        ],
        [
          94,
          511,
          162
        ]
      ]
    },
    "2": {
      "acc": 0.3989698890649762,
      "macro_f1": 0.3951466995788871,
      "auc": 0.5669930572682937,
      "d_recall": 0.37753510140405616,
      "d_precision": 0.2662266226622662,
      "d_f1": 0.31225806451612903,
      "cm": [
        [
          427,
          410,
          279
        ],
        [
          205,
          242,
          194
        ],
        [
          172,
          257,
          338
        ]
      ]
    },
    "3": {
      "acc": 0.3950079239302694,
      "macro_f1": 0.3891997546579981,
      "auc": 0.5781037695110459,
      "d_recall": 0.34321372854914195,
      "d_precision": 0.24691358024691357,
      "d_f1": 0.28720626631853785,
      "cm": [
        [
          442,
          401,
          273
        ],
        [
          207,
          220,
          214
        ],
        [
          162,
          270,
          335
        ]
      ]
    },
    "4": {
      "acc": 0.39857369255150554,
      "macro_f1": 0.39054892189483786,
      "auc": 0.5758996081401884,
      "d_recall": 0.31825273010920435,
      "d_precision": 0.24519230769230768,
      "d_f1": 0.2769857433808554,
      "cm": [
        [
          452,
          385,
          279
        ],
        [
          218,
          204,
          219
        ],
        [
          174,
          243,
          350
        ]
      ]
    }
  }
}